﻿<?xml version="1.0" encoding="utf-8"?>
<abapGit version="v1.0.0" serializer="LCL_OBJECT_TABL" serializer_version="v1.0.0">
 <asx:abap xmlns:asx="http://www.sap.com/abapxml" version="1.0">
  <asx:values>
   <DD02V>
    <TABNAME>ZLS_OOP_MVC_ALV_FCAT</TABNAME>
    <DDLANGUAGE>R</DDLANGUAGE>
    <TABCLASS>INTTAB</TABCLASS>
    <DDTEXT>Структура полей ALV</DDTEXT>
    <EXCLASS>3</EXCLASS>
   </DD02V>
   <DD03P_TABLE>
    <DD03P>
     <TABNAME>ZLS_OOP_MVC_ALV_FCAT</TABNAME>
     <FIELDNAME>BELNR</FIELDNAME>
     <POSITION>0001</POSITION>
     <ROLLNAME>BELNR_D</ROLLNAME>
     <ADMINFIELD>0</ADMINFIELD>
     <COMPTYPE>E</COMPTYPE>
    </DD03P>
    <DD03P>
     <TABNAME>ZLS_OOP_MVC_ALV_FCAT</TABNAME>
     <FIELDNAME>GJAHR</FIELDNAME>
     <POSITION>0002</POSITION>
     <ROLLNAME>GJAHR</ROLLNAME>
     <ADMINFIELD>0</ADMINFIELD>
     <COMPTYPE>E</COMPTYPE>
    </DD03P>
    <DD03P>
     <TABNAME>ZLS_OOP_MVC_ALV_FCAT</TABNAME>
     <FIELDNAME>BUZEI</FIELDNAME>
     <POSITION>0003</POSITION>
     <ROLLNAME>BUZEI</ROLLNAME>
     <ADMINFIELD>0</ADMINFIELD>
     <COMPTYPE>E</COMPTYPE>
    </DD03P>
    <DD03P>
     <TABNAME>ZLS_OOP_MVC_ALV_FCAT</TABNAME>
     <FIELDNAME>DMBTR</FIELDNAME>
     <POSITION>0004</POSITION>
     <ROLLNAME>DMBTR</ROLLNAME>
     <ADMINFIELD>0</ADMINFIELD>
     <REFTABLE>T001</REFTABLE>
     <REFFIELD>WAERS</REFFIELD>
     <COMPTYPE>E</COMPTYPE>
    </DD03P>
    <DD03P>
     <TABNAME>ZLS_OOP_MVC_ALV_FCAT</TABNAME>
     <FIELDNAME>BUDAT</FIELDNAME>
     <POSITION>0005</POSITION>
     <ROLLNAME>BUDAT</ROLLNAME>
     <ADMINFIELD>0</ADMINFIELD>
     <SHLPORIGIN>T</SHLPORIGIN>
     <COMPTYPE>E</COMPTYPE>
    </DD03P>
   </DD03P_TABLE>
  </asx:values>
 </asx:abap>
</abapGit>
